k,n_clusters_found,inertia,silhouette,silhouette_valid,note
1,1,400.0,,False,silhouette needs at least 2 clusters
2,2,269.6910121927639,0.3212707813918878,True,
3,3,157.70400815035947,0.46658474419000145,True,
4,4,108.92131661364355,0.4939069237513199,True,
5,5,65.56840815571681,0.5546571631111091,True,
6,6,55.057348270385994,0.5398800926790663,True,
7,7,44.86475569922557,0.5281492781108291,True,
8,8,37.14811697229111,0.4567208019716266,True,
9,9,32.39226763033116,0.4570853966942764,True,
10,10,29.685787841036316,0.43621223292728883,True,
